,nfiles_per_yr,nhours_per_yr,ratio
2009,4297,8760,0.49052511415525113
2010,8585,8760,0.9800228310502284
2011,8679,8760,0.9907534246575342
2012,8719,8784,0.9926001821493625
2013,8697,8760,0.9928082191780822
2014,8652,8760,0.9876712328767123
2015,8760,8760,1.0
2016,8784,8784,1.0
2017,8760,8760,1.0
2018,8737,8760,0.9973744292237443
2019,3557,8760,0.4060502283105023
